CustomerID,Age,Gender,AnnualIncome,SpendingScore,Region,CampaignResponse,Sales,CampaignCost,Cluster,PredictedSales,ROI
1,25,Female,40000,40,North,1,1000,100,1,999.9999999999607,9.0
2,34,Male,60000,70,South,0,2000,200,2,2000.0000000000132,9.0
3,45,Female,50000,60,East,1,1500,150,2,1499.999999999987,9.0
4,29,Male,80000,80,West,0,3000,300,0,3000.0000000000655,9.0
5,50,Female,30000,30,North,0,800,80,1,799.9999999999346,9.0
6,40,Male,70000,90,East,1,2500,250,0,2500.000000000039,9.0
